<?xml version="1.0"?>
<Runs Version="1" Minor="0">
	<Run Id="mem32x512_synth_1" LaunchDir="C:/hlocal/TOC/PR6/MIPSMulticiclo_R3yModoDepuracion/MIPSMulticiclo_R3yModoDepuracion.runs/mem32x512_synth_1" FlowId="Vivado_Synthesis" FromStepId="vivado" ToStepId="vivado"/>
	<Run Id="synth_1" LaunchDir="C:/hlocal/TOC/PR6/MIPSMulticiclo_R3yModoDepuracion/MIPSMulticiclo_R3yModoDepuracion.runs/synth_1" FlowId="Vivado_Synthesis" FromStepId="vivado" ToStepId="vivado">
		<Parent Id="mem32x512_synth_1"/>
	</Run>
	<Run Id="impl_1" LaunchDir="C:/hlocal/TOC/PR6/MIPSMulticiclo_R3yModoDepuracion/MIPSMulticiclo_R3yModoDepuracion.runs/impl_1" FlowId="Vivado_Implementation" FromStepId="init_design" ToStepId="write_bitstream">
		<Parent Id="synth_1"/>
		<Parent Id="mem32x512_synth_1"/>
	</Run>
	<Parameters>
		<Parameter Name="runs.monitorLSFJobs" Val="true" Type="bool"/>
	</Parameters>
</Runs>

