<?xml version="1.0" encoding="UTF-8"?>
<GenRun Id="mem32x512_synth_1" LaunchPart="xc7a35tcpg236-1" LaunchTime="1575463448">
  <File Type="PA-TCL" Name="mem32x512.tcl"/>
  <File Type="RDS-PROPCONSTRS" Name="mem32x512_drc_synth.rpt"/>
  <File Type="REPORTS-TCL" Name="mem32x512_reports.tcl"/>
  <File Type="RDS-RDS" Name="mem32x512.vds"/>
  <File Type="RDS-UTIL" Name="mem32x512_utilization_synth.rpt"/>
  <File Type="RDS-UTIL-PB" Name="mem32x512_utilization_synth.pb"/>
  <File Type="RDS-DCP" Name="mem32x512.dcp"/>
  <File Type="VDS-TIMINGSUMMARY" Name="mem32x512_timing_summary_synth.rpt"/>
  <File Type="VDS-TIMING-PB" Name="mem32x512_timing_summary_synth.pb"/>
  <FileSet Name="sources" Type="BlockSrcs" RelSrcDir="$PSRCDIR/mem32x512">
    <File Path="$PSRCDIR/sources_1/ip/mem32x512/mem32x512.xci">
      <FileInfo>
        <Attr Name="UsedIn" Val="synthesis"/>
        <Attr Name="UsedIn" Val="implementation"/>
        <Attr Name="UsedIn" Val="simulation"/>
      </FileInfo>
    </File>
    <Config>
      <Option Name="TopModule" Val="mem32x512"/>
      <Option Name="UseBlackboxStub" Val="1"/>
    </Config>
  </FileSet>
  <FileSet Name="constrs_in" Type="BlockSrcs" RelSrcDir="$PSRCDIR/mem32x512">
    <File Path="$PSRCDIR/sources_1/ip/mem32x512/mem32x512.xci">
      <FileInfo>
        <Attr Name="UsedIn" Val="synthesis"/>
        <Attr Name="UsedIn" Val="implementation"/>
        <Attr Name="UsedIn" Val="simulation"/>
      </FileInfo>
    </File>
    <Config>
      <Option Name="TopModule" Val="mem32x512"/>
      <Option Name="UseBlackboxStub" Val="1"/>
    </Config>
  </FileSet>
  <FileSet Name="utils" Type="Utils" RelSrcDir="$PSRCDIR/utils_1">
    <Filter Type="Utils"/>
    <Config>
      <Option Name="TopAutoSet" Val="TRUE"/>
    </Config>
  </FileSet>
  <Strategy Version="1" Minor="2">
    <StratHandle Name="Vivado Synthesis Defaults" Flow="Vivado Synthesis 2019"/>
    <Step Id="synth_design"/>
  </Strategy>
</GenRun>
